{"cameraMode":{"drawMode":0,"name":"Shaded","section":"Shading Mode"},"sceneLighting":true,"audioPlay":false,"sceneViewState":{"m_AlwaysRefresh":false,"showFog":true,"showSkybox":true,"showFlares":true,"showImageEffects":true,"showParticleSystems":true,"showVisualEffectGraphs":true,"m_FxEnabled":true},"in2DMode":false,"pivot":{"x":-14.793890953063965,"y":6.752851486206055,"z":-3.5104596614837648},"rotation":{"x":-0.17106160521507264,"y":-0.47746771574020388,"z":0.09535139054059982,"w":-0.856580913066864},"size":1.1570323705673218,"orthographic":false}